Sno,Weight
0,0.7868238
1,0.4190539
2,0.32806724
3,1.1174206
